<?xml version="1.0" encoding="UTF-8"?>
<!DOCTYPE mapper
PUBLIC "-//mybatis.org//DTD Mapper 3.0//EN"
"http://mybatis.org/dtd/mybatis-3-mapper.dtd">
<mapper namespace="com.ischoolbar.programmer.dao.SchoolDao">
  	<select id="findList" parameterType="Map" resultType="School">
  		select * from school where name like #{name} limit #{offset},#{pageSize}
  	</select>
  	<select id="findAll" resultType="School">
  		select * from school
  	</select>
  	<select id="getTotal" parameterType="Map" resultType="Integer">
  		select count(id) from school where name like #{name}
  	</select>
  	<update id="add" parameterType="School">
  		insert into school(id,name,remark) values(null,#{name},#{remark})
  	</update>
  	<update id="edit" parameterType="School">
  		update school set name = #{name},remark = #{remark} where id = #{id}
  	</update>
  	<update id="delete" parameterType="String">
  		delete from school where id in (${value})
  	</update>
</mapper>